날짜,어종,산지,규격,포장,수량,중량,평균가
2022-01-03,(냉)가자미,러시아,중,PAN(펜),5,8,"55,000"
2022-01-03,(선)가자미,방어진,중,S/P,47,1,"15,000"
2022-01-03,(선)참가자미,방어진,중,kg,8,1,"18,000"
2022-01-03,(활)돌가자미,고성,중,kg,112,1,"13,500"
2022-01-04,(냉)가자미(H/G),러시아,150/200,CT/(BT),50,4.5,"14,900"
2022-01-04,(선)참가자미,목포,중,S/P,1,20,"100,000"
2022-01-04,(선)참가자미,목포,중,c/s(상자),6,1,"11,000"
2022-01-04,(선)참가자미,방어진,대,c/s(상자),25,1,"15,000"
2022-01-04,(선)참가자미,부산(기장),중,S/P,1,20,"150,000"
2022-01-04,(선)참가자미,완도,중,S/P,6,1,"11,000"
2022-01-05,(선)가자미,방어진,대,S/P,25,1,"15,000"
2022-01-05,(선)가자미,부산(기장),대,S/P,1,20,"142,000"
2022-01-05,(선)가자미,완도,중,kg,15,1,"25,100"
2022-01-05,(선)참가자미,목포,중,S/P,10,1,"15,000"
2022-01-05,(선)참가자미,부산(기장),중,S/P,3,20,"150,000"
2022-01-06,(선)참가자미,목포,대,c/s(상자),96,1,"11,900"
2022-01-06,(선)참가자미,목포,대,c/s(상자),10,20,"104,800"
2022-01-06,(선)참가자미,보령,대,S/P,40,1,"15,000"
2022-01-06,(선)참가자미,부산(기장),대,S/P,1,20,"130,000"
2022-01-06,(활)가자미,거진,중,kg,29,1,"6,400"
2022-01-07,(냉)가자미(H/G),러시아,100/150,CT/(BT),50,4.5,"14,600"
2022-01-07,(냉)가자미(H/G),러시아,150/200,CT/(BT),50,4.5,"14,900"
2022-01-07,(선)가자미,군산,중,S/P,35,1,"11,400"
2022-01-07,(선)가자미,군산,중,S/P,1,10,"60,000"
2022-01-07,(선)가자미,목포,중,S/P,43,20,"103,700"
2022-01-07,(선)가자미,부산(기장),중,S/P,2,20,"160,000"
2022-01-07,(선)가자미,안흥,중,c/s(상자),12,10,"24,000"
2022-01-07,(선)참가자미,군산,중,kg,25,1,"7,200"
2022-01-08,(선)참가자미,군산,중,S/P,2,10,"70,000"
2022-01-08,(선)참가자미,목포,대,S/P,7,10,"141,400"
2022-01-08,(선)참가자미,목포,중,S/P,4,10,"40,800"
2022-01-08,(선)참가자미,방어진,대,S/P,1,20,"139,000"
2022-01-08,(선)참가자미,부산(기장),중,S/P,2,10,"130,000"
2022-01-08,(활)돌가자미,부산(기장),중,kg,2,1,"50,000"
2022-01-10,(선)가자미,부산(기장),대,S/P,1,20,"197,000"
2022-01-10,(선)참가자미,목포,중,S/P,11,10,"83,200"
2022-01-10,(선)참가자미,보령,대,S/P,1,3.5,"50,000"
2022-01-10,(선)참가자미,보령,대,S/P,22,5,"50,000"
2022-01-10,(선)참가자미,보령,대,S/P,3,15,"140,000"
2022-01-10,(선)참가자미,보령,중,S/P,1,15,"150,000"
2022-01-10,(선)참가자미,보령,특대,S/P,1,15,"140,000"
2022-01-10,(선)참가자미,부산(기장),중,S/P,5,20,"150,000"
2022-01-11,(냉)가자미(H/G),러시아,100/150,CT/(BT),100,4.5,"14,400"
2022-01-11,(냉)참가자미,제주도,대,S/P,10,10,"80,000"
2022-01-11,(선)가자미,부산(기장),중,S/P,5,10,"172,000"
2022-01-11,(선)가자미,제주도,31미,S/P,1,11,"143,000"
2022-01-11,(선)참가자미,목포,대,S/P,38,1,"11,000"
2022-01-11,(선)참가자미,목포,대,S/P,8,15,"106,000"
2022-01-11,(선)참가자미,방어진,대,S/P,2,20,"270,000"
2022-01-11,(선)참가자미,완도,중,S/P,6,1,"13,000"
2022-01-11,(선)참가자미,제주도,대,S/P,27,1,"12,500"
2022-01-12,(선)가자미,군산,2단,c/s(상자),251,1,600
2022-01-12,(선)가자미,군산,대,c/s(상자),120,1,"1,500"
2022-01-12,(선)가자미,군산,중,c/s(상자),89,1,"1,300"
2022-01-12,(선)가자미,목포,대,S/P,3,15,"30,000"
2022-01-12,(선)가자미,부산(기장),대,S/P,6,15,"156,700"
2022-01-12,(선)참가자미,군산,대,S/P,7,20,"87,100"
2022-01-12,(선)참가자미,군산,중,c/s(상자),50,1,"5,400"
2022-01-12,(선)참가자미,목포,대,S/P,6,15,"135,000"
2022-01-13,(냉)가자미,제주도,중,S/P,5,10,"79,000"
2022-01-13,(냉)가자미(H/G),러시아,100/150,CT/(BT),100,4.1,"14,600"
2022-01-13,(냉)가자미(H/G),러시아,200/300,CT/(BT),50,4.5,"15,500"
2022-01-13,(선)가자미,군산,1단,c/s(상자),150,1,"1,400"
2022-01-13,(선)참가자미,군산,대,S/P,49,1,"1,100"
2022-01-13,(선)참가자미,군산,대,S/P,3,10,"90,000"
2022-01-13,(선)참가자미,부산(기장),중,S/P,3,15,"150,000"
2022-01-14,(선)가자미,장항,대,S/P,2,15,"30,000"
2022-01-14,(선)참가자미,보령,대,S/P,86,1,"1,000"
2022-01-14,(선)참가자미,보령,대,S/P,9,15,"119,400"
2022-01-17,(선)가자미,방어진,대,S/P,4,1,"6,000"
2022-01-17,(선)참가자미,방어진,대,S/P,1,15,"20,000"
2022-01-17,(선)참가자미,완도,중,S/P,7,1,"13,000"
2022-01-17,(활)가자미,통영,중,kg,64,1,"62,500"
2022-01-18,(냉)가자미(H/G),러시아,150/200,CT/(BT),100,4.5,"15,400"
2022-01-18,(냉)가자미(H/G),러시아,200/300,CT/(BT),30,4.5,"15,400"
2022-01-18,(선)가자미,방어진,소,S/P,1,9.9,"40,000"
2022-01-18,(선)가자미,방어진,소,S/P,6,10,"27,500"
2022-01-18,(선)가자미,방어진,소,S/P,1,11,"40,000"
2022-01-18,(선)가자미,부산(기장),대,S/P,7,15,"128,600"
2022-01-18,(선)가자미,제주도,23미,S/P,1,8.5,"110,000"
2022-01-18,(선)참가자미,목포,대,S/P,5,10,"133,800"
2022-01-18,(선)참가자미,목포,대,S/P,13,15,"140,800"
2022-01-19,(선)가자미,부산(기장),대,S/P,12,15,"139,200"
2022-01-19,(선)가자미,장항,대,c/s(상자),3,15,"28,000"
2022-01-19,(선)가자미,통영,대,S/P,3,15,"350,000"
2022-01-19,(선)물가자미,부산(기장),대,S/P,2,15,"205,000"
2022-01-19,(선)참가자미,목포,대,S/P,10,15,"143,000"
2022-01-19,(선)참가자미,완도,중,S/P,14,1,"13,000"
2022-01-20,(냉)가자미(H/G),러시아,150/200,CT/(BT),50,4.5,"15,500"
2022-01-20,(선)참가자미,목포,대,c/s(상자),2,15,"140,000"
2022-01-20,(선)참가자미,완도,대,S/P,2,20,"295,000"
2022-01-21,(선)가자미,방어진,중,S/P,1,20,"50,000"
2022-01-21,(선)참가자미,목포,대,S/P,16,15,"117,500"
2022-01-22,(냉)가자미(H/G),러시아,150/200,CT/(BT),50,4.5,"14,700"
2022-01-22,(선)참가자미,목포,대,c/s(상자),12,20,"161,200"
2022-01-22,(선)참가자미,부산(기장),중,S/P,1,15,"180,000"
2022-01-24,(선)가자미,여수,대,S/P,297,1,"11,600"
2022-01-24,(선)가자미,통영,대,S/P,5,20,"400,000"
2022-01-24,(선)참가자미,목포,대,S/P,1,6.6,"74,000"
2022-01-24,(선)참가자미,목포,대,S/P,1,11.2,"74,000"
2022-01-24,(선)참가자미,목포,대,S/P,1,15,"150,000"
2022-01-24,(선)참가자미,완도,중,S/P,10,1,"11,200"
2022-01-25,(선)가자미,방어진,대,S/P,2,5,"31,500"
2022-01-25,(선)가자미,제주도,대,S/P,16,1,"15,000"
2022-01-25,(선)가자미,제주도,대,S/P,4,18,"130,000"
2022-01-25,(선)가자미,통영,대,S/P,12,15,"400,000"
2022-01-25,(선)참가자미,목포,대,S/P,18,15,"150,600"
2022-01-25,(활)가자미,부산(기장),중,kg,8,1,"15,000"
2022-01-25,(활)돌가자미,부산(기장),중,kg,4,1,"79,500"
2022-01-26,(선)가자미,방어진,2단,c/s(상자),4,5,"27,500"
2022-01-26,(선)가자미,방어진,2단,c/s(상자),1,20,"70,000"
2022-01-26,(선)가자미,여수,대,S/P,160,1,"12,500"
2022-01-26,(선)가자미,제주도,13미,S/P,1,10,"55,000"
2022-01-26,(선)참가자미,목포,대,c/s(상자),4,20,"100,000"
2022-01-27,(선)가자미,감포,대,S/P,4,20,"75,000"
2022-01-27,(선)가자미,감포,중,S/P,40,20,"41,800"
2022-01-27,(선)가자미,군산,대,S/P,116,1,"1,500"
2022-01-27,(선)가자미,방어진,대,S/P,2,5,"22,500"
2022-01-27,(선)가자미,방어진,대,S/P,9,20,"35,700"
2022-01-27,(선)참가자미,군산,대,S/P,4,1,"8,000"
2022-01-27,(선)참가자미,목포,대,S/P,93,1,"11,900"
2022-01-27,(선)참가자미,목포,대,c/s(상자),6,15,"50,000"
2022-01-28,(선)가자미,방어진,중,S/P,11,5,"22,500"
2022-01-28,(선)가자미,부산(기장),대,S/P,8,15,"188,800"
2022-01-28,(선)가자미,제주도,대,S/P,568,1,"10,500"
2022-01-29,(선)가자미,감포,대,S/P,27,20,"27,400"
2022-01-29,(선)가자미,감포,특대,S/P,2,20,"35,000"
2022-01-29,(선)가자미,방어진,대,S/P,55,1,"11,400"
2022-01-29,(선)가자미,제주도,10미,S/P,1,11.8,"94,400"
2022-01-29,(선)가자미,제주도,8미,S/P,1,10,"80,000"
2022-01-29,(선)가자미,제주도,9미,S/P,3,10,"80,000"
2022-01-29,(선)참가자미,삼천포,대,S/P,20,1,"11,400"
2022-01-29,(선)참가자미,완도,중,S/P,14,1,"8,000"
2022-01-31,(선)가자미,방어진,대,S/P,82,1,"6,400"
2022-01-31,(선)가자미,방어진,대,S/P,2,20,"81,000"
2022-02-04,(선)가자미,방어진,대,S/P,11,1,"13,100"
2022-02-04,(선)가자미,방어진,중,S/P,27,1,"5,000"
2022-02-04,(선)가자미,속초,대,S/P,49,10,"6,000"
2022-02-04,(활)가자미,통영,중,kg,18,1,"7,100"
2022-02-05,(냉)가자미(H/G),러시아,150/200,CT/(BT),50,4.5,"15,400"
2022-02-05,(선)가자미,방어진,대,S/P,8,5,"22,600"
2022-02-07,(선)참가자미,목포,대,c/s(상자),24,20,"105,000"
2022-02-08,(선)가자미,속초,대,S/P,1,10,"5,000"
2022-02-09,(냉)가자미(H/G),러시아,150/200,CT/(BT),50,4.5,"14,700"
2022-02-10,(선)가자미,부산(기장),대,S/P,6,20,"170,000"
2022-02-10,(선)가자미,죽변,대,S/P,38,1,"2,500"
2022-02-10,(선)가자미,태안,중,kg,15,1,"5,000"
2022-02-11,(선)가자미,부산(기장),대,S/P,6,15,"156,700"
2022-02-11,(선)가자미,제주도,대,S/P,5,1,"10,000"
2022-02-11,(선)가자미,제주도,대,S/P,49,14,"109,000"
2022-02-11,(선)가자미,죽변,대,S/P,1,25,"45,000"
2022-02-11,(선)참가자미,완도,중,S/P,4,1,"8,000"
2022-02-11,(선)참가자미,제주도,18미,S/P,1,7,"56,000"
2022-02-11,(선)참가자미,제주도,대,S/P,2,18,"100,000"
2022-02-12,(선)가자미,제주도,대,S/P,149,1,"9,600"
2022-02-12,(선)참가자미,목포,대,S/P,5,25,"118,000"
2022-02-12,(활)돌가자미,부산(기장),중,kg,28,1,"21,400"
2022-02-12,(활)범가자미,구룡포,중,kg,33,1,"36,400"
2022-02-14,(선)가자미,감포,18미,S/P,2,15,"30,000"
2022-02-14,(선)가자미,감포,2단,S/P,12,15,"80,000"
2022-02-14,(선)가자미,나로도,4미,S/P,2,15,"13,000"
2022-02-14,(선)가자미,나로도,5미,S/P,1,15,"13,000"
2022-02-14,(선)가자미,나로도,6미,S/P,5,15,"13,000"
2022-02-14,(선)가자미,나로도,8미,S/P,5,15,"8,000"
2022-02-14,(선)가자미,방어진,2단,S/P,21,1,"29,900"
2022-02-14,(선)가자미,제주도,대,S/P,247,1,"9,200"
2022-02-14,(선)가자미,제주도,대,S/P,16,10,"126,300"
2022-02-14,(선)참가자미,삼천포,대,S/P,44,1,"6,800"
2022-02-15,(냉)가자미(H/G),러시아,200/300,CT/(BT),50,4.5,"15,400"
2022-02-15,(선)가자미,목포,중,S/P,18,10,"112,400"
2022-02-15,(선)가자미,목포,중,S/P,6,20,"72,200"
2022-02-15,(선)가자미,방어진,2단,S/P,16,1,"24,400"
2022-02-15,(선)가자미,방어진,중,S/P,10,1,"6,000"
2022-02-15,(선)가자미,부산(기장),중,S/P,1,20,"150,000"
2022-02-15,(선)가자미,제주도,6미,S/P,1,4,"30,000"
2022-02-15,(선)가자미,제주도,중,S/P,89,1,"9,000"
2022-02-15,(선)가자미,제주도,중,S/P,33,20,"109,000"
2022-02-15,(선)참가자미,여수,중,S/P,5,10,"85,000"
2022-02-16,(선)가자미,제주도,12미,S/P,105,1,"8,300"
2022-02-16,(선)가자미,제주도,8미,S/P,114,1,"6,500"
2022-02-16,(활)가자미,부산(기장),중,kg,18,1,"14,000"
2022-02-16,(활)돌가자미,부산(기장),중,kg,8,1,"87,600"
2022-02-17,(선)가자미,축산,10미,S/P,212,1,"1,800"
2022-02-17,(선)가자미,축산,30미,S/P,11,1,"7,000"
2022-02-18,(선)가자미,제주도,대,S/P,132,1,"10,300"
2022-02-18,(선)가자미,제주도,대,S/P,15,16,"88,000"
2022-02-18,(선)참가자미,삼천포,대,S/P,1,17,"100,000"
2022-02-19,(선)가자미,제주도,대,S/P,130,1,"7,400"
2022-02-19,(선)가자미,제주도,대,S/P,12,14,"102,000"
2022-02-19,(활)범가자미,구룡포,중,kg,103,1,"31,400"
2022-02-19,(활)범가자미,통영,중,kg,53,1,"35,000"
2022-02-21,(선)가자미,방어진,2단,S/P,13,20,"23,100"
2022-02-21,(선)가자미,부산(기장),대,S/P,4,15,"150,000"
2022-02-21,(선)가자미,제주도,대,S/P,188,1,"8,900"
2022-02-21,(선)가자미,제주도,대,S/P,3,20,"70,000"
2022-02-21,(선)가자미,축산,10미,c/s(상자),520,1,"3,400"
2022-02-21,(선)가자미,축산,15미,S/P,38,15,"12,000"
2022-02-21,(선)가자미,축산,4미,S/P,4,10,"18,000"
2022-02-21,(선)가자미,축산,6미,S/P,20,10,"22,000"
2022-02-21,(선)가자미,축산,소,S/P,20,1,"3,300"
2022-02-21,(선)참가자미,진도,중,kg,2,1,"8,000"
2022-02-22,(선)가자미,제주도,대,S/P,119,1,"10,500"
2022-02-23,(선)가자미,축산,14미,S/P,22,1,"14,100"
2022-02-23,(선)가자미,축산,4미,S/P,24,15,"20,000"
2022-02-23,(선)가자미,축산,6미,S/P,46,15,"20,000"
2022-02-23,(선)가자미,축산,소,S/P,5,1,"13,000"
2022-02-24,(냉)가자미(H/G),러시아,150/200,CT/(BT),50,4.5,"14,900"
2022-02-24,(냉)가자미(H/G),러시아,200/300,CT/(BT),50,4.5,"15,500"
2022-02-24,(선)가자미,나로도,대,S/P,3,20,"80,000"
2022-02-24,(선)가자미,제주도,대,S/P,224,1,"9,300"
2022-02-24,(선)가자미,제주도,대,S/P,42,14,"99,200"
2022-02-24,(선)가자미,죽변,20미,S/P,5,15,"73,000"
2022-02-24,(선)가자미,축산,11미,S/P,12,1,"10,500"
2022-02-24,(선)가자미,축산,12미,S/P,2,1,"17,000"
2022-02-24,(선)가자미,축산,4미,S/P,14,15,"18,000"
2022-02-24,(선)가자미,축산,6미,S/P,42,15,"21,400"
2022-02-24,(선)가자미,축산,9미,S/P,3,1,"18,000"
2022-02-24,(선)가자미,축산,9미,S/P,3,15,"15,000"
2022-02-24,(선)가자미,축산,소,S/P,50,1,"10,200"
2022-02-24,(선)가자미,축산,소,S/P,10,15,"16,000"
2022-02-25,(선)가자미,제주도,대,S/P,242,1,"8,900"
2022-02-25,(선)가자미,제주도,대,S/P,10,14,"90,000"
2022-02-25,(선)가자미,제주도,대,S/P,30,15,"113,000"
2022-02-25,(선)가자미,축산,11미,S/P,8,1,"8,000"
2022-02-25,(선)가자미,축산,3미,S/P,1,1,"15,000"
2022-02-25,(선)가자미,축산,4미,S/P,11,15,"20,000"
2022-02-25,(선)가자미,축산,6미,S/P,54,15,"21,300"
2022-02-25,(선)가자미,축산,9미,S/P,8,1,"15,000"
2022-02-25,(선)가자미,축산,소,S/P,2,1,"7,000"
2022-02-26,(선)가자미,방어진,2단,S/P,5,15,"119,000"
2022-02-26,(선)가자미,부산(기장),대,S/P,2,15,"180,000"
2022-02-26,(선)가자미,제주도,대,S/P,262,1,"8,200"
2022-02-26,(선)가자미,제주도,대,S/P,31,14,"92,900"
2022-02-26,(선)가자미,축산,12미,S/P,3,15,"12,000"
2022-02-26,(선)가자미,축산,15미,S/P,1,15,"7,000"
2022-02-26,(선)가자미,축산,18미,S/P,14,15,"6,000"
2022-02-26,(선)가자미,축산,4미,S/P,11,15,"17,000"
2022-02-26,(선)가자미,축산,6미,S/P,106,15,"18,300"
2022-02-26,(선)가자미,축산,9미,S/P,10,15,"11,000"
2022-02-26,(활)범가자미,구룡포,중,kg,206,1,"25,100"
2022-02-26,(활)범가자미,포항,중,kg,40,1,"36,000"
2022-02-28,(선)가자미,감포,24미,c/s(상자),7,20,"35,000"
2022-02-28,(선)가자미,감포,2단,c/s(상자),4,20,"100,000"
2022-02-28,(선)가자미,방어진,소,S/P,3,10,"40,700"
2022-02-28,(선)가자미,부산(기장),대,S/P,3,15,"165,000"
2022-02-28,(선)가자미,제주도,대,S/P,115,1,"9,500"
2022-02-28,(선)가자미,제주도,대,S/P,20,15,"83,000"
2022-02-28,(선)가자미,축산,대,S/P,95,15,"19,500"
2022-02-28,(활)범가자미,구룡포,중,kg,107,1,"23,600"
2022-03-01,(냉)가자미(H/G),러시아,100/150,CT/(BT),50,4.5,"15,400"
2022-03-01,(냉)가자미(H/G),러시아,150/200,CT/(BT),150,4.5,"15,500"
2022-03-01,(선)가자미,감포,대,S/P,28,15,"45,000"
2022-03-01,(선)가자미,방어진,2단,S/P,2,20,"90,000"
2022-03-01,(선)가자미,제주도,대,S/P,327,1,"8,900"
2022-03-01,(선)가자미,제주도,대,S/P,1,10,"70,000"
2022-03-01,(선)가자미,죽변,13미,S/P,1,15,"20,000"
2022-03-01,(선)가자미,죽변,20미,S/P,2,15,"35,000"
2022-03-01,(선)가자미,통영,대,S/P,48,1,"5,800"
2022-03-01,(선)가자미,통영,대,S/P,7,20,"240,000"
2022-03-02,(선)가자미,제주도,대,S/P,385,1,"8,000"
2022-03-02,(선)가자미,제주도,대,S/P,1,13.5,"108,000"
2022-03-02,(선)가자미,죽변,15미,S/P,1,10,"12,000"
2022-03-02,(선)가자미,죽변,25미,S/P,5,10,"24,600"
2022-03-02,(활)가자미,태안,중,kg,76,1,"5,100"
2022-03-03,(냉)가자미(H/G),러시아,150/200,CT/(BT),350,4.5,"15,300"
2022-03-03,(냉)가자미(H/G),러시아,200/300,CT/(BT),100,4.5,"15,200"
2022-03-03,(선)가자미,제주도,대,S/P,353,1,"8,100"
2022-03-03,(선)가자미,제주도,대,S/P,19,15,"76,800"
2022-03-03,(선)가자미,축산,6미,S/P,4,1,"6,500"
2022-03-03,(선)가자미,축산,6미,S/P,18,10,"18,000"
2022-03-03,(선)참가자미,목포,대,c/s(상자),1,10,"80,000"
2022-03-03,(선)참가자미,목포,중,c/s(상자),7,10,"72,900"
2022-03-03,(선)참가자미,제주도,15미,S/P,1,6,"48,000"
2022-03-03,(활)가자미,완도,중,kg,1,1,"80,000"
2022-03-04,(냉)가자미(H/G),러시아,100/150,CT/(BT),200,4.5,"15,200"
2022-03-04,(냉)가자미(H/G),러시아,150/200,CT/(BT),100,4.5,"15,000"
2022-03-04,(냉)가자미(H/G),러시아,200/300,CT/(BT),200,4.5,"15,200"
2022-03-04,(선)가자미,방어진,대,S/P,1,20,"20,000"
2022-03-04,(선)가자미,제주도,대,S/P,138,1,"8,400"
2022-03-04,(선)가자미,제주도,대,S/P,13,14,"120,000"
2022-03-04,(선)가자미,제주도,대,S/P,2,15,"105,000"
2022-03-04,(선)참가자미,방어진,대,S/P,1,20,"30,000"
2022-03-04,(활)범가자미,구룡포,중,kg,161,1,"20,700"
2022-03-05,(선)가자미,방어진,대,S/P,55,20,"40,400"
2022-03-05,(선)가자미,완도,중,kg,7,1,"10,000"
2022-03-05,(선)가자미,제주도,대,S/P,100,1,"8,200"
2022-03-05,(선)가자미,제주도,대,S/P,11,14,"110,000"
2022-03-05,(선)가자미,축산,12미,S/P,49,15,"41,100"
2022-03-05,(선)가자미,축산,25미,S/P,21,15,"26,000"
2022-03-05,(선)참가자미,목포,대,c/s(상자),33,1,"9,400"
2022-03-05,(선)참가자미,목포,대,c/s(상자),1,20,"100,000"
2022-03-05,(선)참가자미,목포,중,c/s(상자),87,1,"17,100"
2022-03-05,(선)참가자미,삼천포,대,S/P,16,1,"7,000"
2022-03-07,(선)가자미,감포,대,S/P,30,15,"30,000"
2022-03-07,(선)가자미,방어진,대,c/s(상자),5,20,"57,600"
2022-03-07,(선)가자미,완도,중,kg,12,1,"6,100"
2022-03-07,(선)가자미,제주도,대,S/P,427,1,"7,700"
2022-03-07,(선)가자미,제주도,대,S/P,21,10,"81,700"
2022-03-07,(선)가자미,제주도,대,S/P,14,15,"100,000"
2022-03-07,(선)가자미,죽변,20미,S/P,3,20,"32,000"
2022-03-07,(선)가자미,축산,12미,S/P,79,10,"27,500"
2022-03-07,(선)참가자미,감포,대,S/P,7,20,"130,000"
2022-03-07,(선)참가자미,목포,대,S/P,7,10,"60,000"
2022-03-08,(선)가자미,제주도,대,S/P,159,1,"8,600"
2022-03-08,(선)가자미,제주도,대,S/P,4,15,"105,000"
2022-03-08,(선)가자미,죽변,20미,S/P,8,20,"58,000"
2022-03-08,(선)가자미,축산,대,S/P,175,10,"18,700"
2022-03-08,(선)가자미,축산,대,c/s(상자),5,10,"30,000"
2022-03-09,(선)가자미,방어진,대,S/P,3,15,"12,700"
2022-03-09,(선)가자미,제주도,대,S/P,80,1,"9,500"
2022-03-09,(선)가자미,제주도,대,S/P,15,14,"86,000"
2022-03-09,(선)가자미,축산,11미,S/P,44,15,"13,300"
2022-03-09,(선)가자미,축산,12미,S/P,54,15,"30,300"
2022-03-09,(선)가자미,축산,15미,S/P,40,15,"6,000"
2022-03-09,(선)참가자미,목포,12미,c/s(상자),4,1,"70,000"
2022-03-09,(선)참가자미,목포,14미,c/s(상자),1,1,"44,000"
2022-03-09,(선)참가자미,목포,대,c/s(상자),2,1,"70,000"
2022-03-10,(선)가자미,방어진,대,c/s(상자),28,1,"2,600"
2022-03-10,(선)가자미,제주도,대,S/P,277,1,"8,500"
2022-03-10,(선)가자미,축산,11미,S/P,50,10,"5,000"
2022-03-10,(선)참가자미,목포,대,S/P,5,12,"80,000"
2022-03-11,(선)가자미,방어진,대,S/P,12,1,"27,000"
2022-03-11,(선)가자미,제주도,대,S/P,517,1,"7,200"
2022-03-11,(선)가자미,제주도,대,S/P,31,14,"83,300"
2022-03-11,(선)가자미,제주도,대,S/P,6,35,"73,500"
2022-03-11,(선)가자미,축산,12미,c/s(상자),55,10,"24,300"
2022-03-11,(선)참가자미,목포,대,S/P,3,1,"100,000"
2022-03-11,(활)돌가자미,부산(기장),중,kg,39,1,"85,900"
2022-03-11,(활)범가자미,구룡포,중,kg,74,1,"24,400"
2022-03-11,(활)범가자미,통영,중,kg,117,1,"21,500"
2022-03-12,(선)가자미,제주도,25미,S/P,10,10,"85,000"
2022-03-12,(선)가자미,제주도,대,S/P,129,1,"7,400"
2022-03-12,(선)가자미,제주도,대,S/P,13,14,"70,800"
2022-03-12,(선)가자미,축산,11미,S/P,104,10,"5,900"
2022-03-12,(선)가자미,축산,12미,S/P,34,10,"24,900"
2022-03-12,(선)가자미,축산,9미,S/P,20,10,"6,000"
2022-03-12,(활)범가자미,구룡포,중,kg,95,1,"22,400"
2022-03-12,(활)범가자미,포항,중,kg,46,1,"20,700"
2022-03-14,(냉)참가자미,군산,대,c/s(상자),130,1,"3,000"
2022-03-14,(선)가자미,감포,대,S/P,42,10,"12,100"
2022-03-14,(선)가자미,부산(기장),대,S/P,6,15,"86,700"
2022-03-14,(선)가자미,제주도,대,S/P,452,1,"6,700"
2022-03-14,(선)가자미,제주도,대,S/P,54,20,"87,800"
2022-03-14,(선)가자미,죽변,25미,S/P,317,1,"2,400"
2022-03-14,(선)가자미,죽변,25미,S/P,41,20,"134,000"
2022-03-14,(선)가자미,축산,11미,c/s(상자),25,15,"6,000"
2022-03-14,(선)가자미,축산,12미,c/s(상자),49,15,"25,000"
2022-03-14,(선)가자미,축산,대,S/P,30,10,"25,000"
2022-03-15,(선)가자미,여수,중,S/P,3,10,"60,000"
2022-03-15,(선)가자미,완도,중,kg,13,1,"6,000"
2022-03-15,(선)가자미,제주도,대,S/P,379,1,"6,300"
2022-03-15,(선)참가자미,부산(기장),대,S/P,70,1,"7,000"
2022-03-16,(선)가자미,제주도,대,S/P,322,1,"6,300"
2022-03-16,(선)가자미,제주도,대,S/P,10,14,"101,500"
2022-03-17,(냉)가자미(H/G),러시아,200/300,CT/(BT),50,4.5,"16,500"
2022-03-17,(선)가자미,제주도,대,S/P,300,1,"6,300"
2022-03-17,(선)가자미,제주도,대,S/P,17,14,"90,800"
2022-03-17,(선)가자미,축산,4미,S/P,3,15,"10,000"
2022-03-17,(선)가자미,축산,대,S/P,16,1,"19,400"
2022-03-17,(선)가자미,축산,대,S/P,44,15,"23,600"
2022-03-17,(선)가자미,축산,중,S/P,13,15,"9,300"
2022-03-17,(선)참가자미,방어진,중,S/P,12,1,"8,000"
2022-03-18,(냉)가자미(H/G),러시아,150/200,CT/(BT),50,4.5,"17,700"
2022-03-18,(냉)가자미(H/G),러시아,200/300,CT/(BT),50,4.5,"17,500"
2022-03-18,(선)가자미,제주도,대,S/P,124,1,"6,900"
2022-03-18,(선)가자미,제주도,대,S/P,45,15,"78,500"
2022-03-18,(선)가자미,축산,대,c/s(상자),26,20,"23,000"
2022-03-18,(선)참가자미,목포,중,S/P,1,15,"100,000"
2022-03-18,(선)참가자미,방어진,대,S/P,1,15,"100,000"
2022-03-18,(활)돌가자미,부산(기장),중,kg,12,1,"102,800"
2022-03-19,(냉)가자미(H/G),러시아,150/200,CT/(BT),50,4.5,"18,000"
2022-03-19,(냉)가자미(H/G),러시아,200/300,CT/(BT),50,4.5,"17,500"
2022-03-19,(선)가자미,제주도,대,S/P,14,1,"100,000"
2022-03-19,(선)참가자미,목포,대,S/P,1,20,"40,000"
2022-03-19,(선)참가자미,방어진,대,S/P,2,1,"120,000"
2022-03-19,(선)참가자미,제주도,대,S/P,20,1,"7,000"
2022-03-19,(활)돌가자미,속초,중,kg,2,1,"110,000"
2022-03-21,(선)가자미,제주도,대,S/P,92,1,"7,700"
2022-03-22,(선)가자미,제주도,대,S/P,360,1,"7,200"
2022-03-22,(선)가자미,제주도,대,S/P,13,13,"90,000"
2022-03-22,(선)가자미,제주도,대,S/P,22,22,"75,900"
2022-03-22,(선)가자미,축산,대,c/s(상자),51,15,"23,500"
2022-03-22,(선)가자미,포항,대,c/s(상자),7,20,"30,000"
2022-03-22,(선)참가자미,목포,10미,c/s(상자),12,1,"7,000"
2022-03-22,(선)참가자미,목포,10미,c/s(상자),6,20,"120,000"
2022-03-22,(선)참가자미,목포,대,c/s(상자),2,20,"80,000"
2022-03-22,(선)참가자미,방어진,대,S/P,2,15,"80,000"
2022-03-23,(냉)가자미(H/G),미국,150/200,CT/(BT),5,8,"32,000"
2022-03-23,(냉)가자미(H/G),미국,200/300,CT/(BT),5,8,"31,000"
2022-03-23,(선)가자미,제주도,대,S/P,23,16,"75,900"
2022-03-23,(선)가자미,축산,대,c/s(상자),28,15,"24,000"
2022-03-23,(선)가자미,포항,대,c/s(상자),3,15,"30,000"
2022-03-23,(선)참가자미,방어진,대,S/P,1,15,"120,000"
2022-03-23,(활)돌가자미,부산(기장),중,kg,52,1,"89,700"
2022-03-24,(냉)가자미(H/G),러시아,150/200,CT/(BT),50,4.5,"16,500"
2022-03-24,(냉)가자미(H/G),러시아,150/200,CT/(BT),15,8,"32,000"
2022-03-24,(냉)가자미(H/G),러시아,200/300,CT/(BT),40,4.5,"16,500"
2022-03-24,(냉)가자미(H/G),러시아,200/300,CT/(BT),15,8,"31,000"
2022-03-24,(냉)가자미(H/G),미국,150/200,CT/(BT),150,8,"32,000"
2022-03-24,(냉)가자미(H/G),미국,200/300,CT/(BT),100,8,"31,000"
2022-03-24,(선)가자미,제주도,대,S/P,35,14,"84,300"
2022-03-24,(선)가자미,축산,대,c/s(상자),51,10,"27,500"
2022-03-24,(선)참가자미,목포,대,S/P,26,1,"9,000"
2022-03-24,(선)참가자미,목포,대,S/P,9,15,"155,600"
2022-03-24,(선)참가자미,방어진,2단,S/P,1,20,"13,000"
2022-03-24,(선)참가자미,방어진,대,S/P,1,20,"153,000"
2022-03-24,(선)참가자미,방어진,대,c/s(상자),1,20,"186,000"
2022-03-24,(활)돌가자미,속초,중,kg,17,1,"89,900"
2022-03-25,(냉)가자미(H/G),미국,150/200,CT/(BT),150,8,"32,000"
2022-03-25,(냉)가자미(H/G),미국,200/300,CT/(BT),50,8,"31,000"
2022-03-25,(선)가자미,목포,중,S/P,8,20,"83,500"
2022-03-25,(선)가자미,축산,10미,c/s(상자),22,15,"30,000"
2022-03-25,(선)가자미,축산,중,S/P,24,20,"25,000"
2022-03-25,(선)가자미,포항,중,c/s(상자),35,15,"25,000"
2022-03-25,(활)돌가자미,속초,중,kg,68,1,"57,100"
2022-03-25,(활)돌가자미,통영,중,kg,96,1,"51,300"
2022-03-25,(활)돌가자미,통영,중,kg,17,3.7,"23,500"
2022-03-25,(활)범가자미,구룡포,중,kg,132,1,"30,900"
2022-03-26,(냉)가자미(H/G),미국,150/200,CT/(BT),50,8,"32,000"
2022-03-26,(냉)가자미(H/G),미국,200/300,CT/(BT),25,8,"31,000"
2022-03-26,(선)가자미,방어진,대,S/P,5,20,"96,000"
2022-03-26,(선)가자미,부산(기장),대,S/P,5,15,"165,000"
2022-03-26,(선)가자미,축산,10미,S/P,30,10,"30,000"
2022-03-26,(선)참가자미,목포,대,S/P,7,20,"89,400"
2022-03-26,(선)참가자미,방어진,대,S/P,2,20,"95,000"
2022-03-28,(선)가자미,감포,대,S/P,2,15,"20,000"
2022-03-28,(선)가자미,부산(기장),대,S/P,2,20,"155,000"
2022-03-28,(선)가자미,제주도,대,S/P,256,1,"8,200"
2022-03-28,(선)가자미,제주도,대,S/P,32,15,"79,400"
2022-03-28,(선)가자미,축산,10미,S/P,16,15,"31,400"
2022-03-28,(선)가자미,축산,10미,c/s(상자),36,10,"26,800"
2022-03-28,(선)가자미,태안,중,kg,8,1,"8,500"
2022-03-28,(선)가자미,포항,대,c/s(상자),4,15,"30,000"
2022-03-28,(선)참가자미,목포,대,S/P,21,1,"5,000"
2022-03-28,(선)참가자미,목포,대,S/P,2,20,"70,000"
2022-03-29,(냉)가자미(H/G),러시아,150/200,CT/(BT),250,4.5,"18,600"
2022-03-29,(선)가자미,제주도,중,S/P,328,1,"8,200"
2022-03-29,(선)가자미,제주도,중,S/P,27,20,"90,000"
2022-03-29,(선)가자미,죽변,20미,S/P,11,15,"52,700"
2022-03-29,(선)가자미,축산,10미,S/P,31,15,"30,800"
2022-03-29,(선)가자미,축산,20미,S/P,2,15,"20,000"
2022-03-30,(선)가자미,제주도,대,S/P,168,1,"9,100"
2022-03-30,(선)가자미,축산,대,S/P,26,1,"30,000"
2022-03-31,(냉)가자미(H/G),미국,150/200,CT/(BT),50,8,"32,000"
2022-03-31,(선)가자미,축산,10미,c/s(상자),58,15,"30,500"
2022-03-31,(선)가자미,축산,9미,c/s(상자),1,15,"150,000"
2022-03-31,(선)참가자미,방어진,대,S/P,1,20,"37,000"
2022-03-31,(활)돌가자미,통영,중,kg,91,1,"34,400"
2022-04-01,(선)가자미,속초,대,S/P,115,1,"2,500"
2022-04-01,(선)가자미,제주도,대,S/P,19,14,"98,800"
2022-04-01,(선)가자미,축산,10미,S/P,35,15,"30,000"
2022-04-01,(선)가자미,통영,대,S/P,5,20,"250,000"
2022-04-01,(선)참가자미,목포,대,S/P,14,1,"7,000"
2022-04-01,(선)참가자미,목포,대,S/P,5,20,"56,000"
2022-04-01,(선)참가자미,방어진,대,S/P,10,20,"150,000"
2022-04-02,(선)가자미,나로도,중,S/P,11,10,"10,000"
2022-04-02,(선)가자미,부산(기장),대,S/P,1,20,"170,000"
2022-04-02,(선)가자미,속초,27미,S/P,1,20,"68,000"
2022-04-02,(선)가자미,속초,30미,S/P,15,20,"75,000"
2022-04-02,(선)가자미,제주도,대,S/P,100,1,"9,000"
2022-04-02,(선)가자미,죽변,15미,S/P,1,20,"45,000"
2022-04-02,(선)가자미,죽변,20미,S/P,1,20,"45,000"
2022-04-02,(선)가자미,축산,대,c/s(상자),8,1,"7,000"
2022-04-02,(선)가자미,축산,대,c/s(상자),14,15,"32,100"
2022-04-02,(선)참가자미,목포,대,S/P,30,1,"42,900"
2022-04-02,(선)참가자미,방어진,대,S/P,1,20,"180,000"
2022-04-02,(활)가자미,안흥,중,kg,2,1,"18,000"
2022-04-02,(활)돌가자미,부산(기장),중,kg,93,1,"29,700"
2022-04-04,(선)가자미,속초,대,S/P,22,20,"75,200"
2022-04-04,(선)가자미,제주도,대,S/P,150,1,"9,300"
2022-04-04,(선)가자미,제주도,대,S/P,27,20,"94,000"
2022-04-04,(선)가자미,죽변,15미,S/P,1,20,"40,000"
2022-04-04,(선)가자미,죽변,20미,S/P,12,20,"56,600"
2022-04-04,(선)가자미,축산,10미,S/P,65,10,"32,200"
2022-04-04,(선)가자미,포항,대,S/P,4,10,"20,000"
2022-04-04,(선)참가자미,목포,대,S/P,5,20,"70,000"
2022-04-04,(활)가자미,안흥,중,kg,85,1,"17,300"
2022-04-05,(선)가자미,부산(기장),대,S/P,3,20,"160,000"
2022-04-05,(선)가자미,제주도,대,S/P,9,14,"100,000"
2022-04-05,(선)가자미,제주도,대,S/P,24,15,"89,000"
2022-04-05,(선)가자미,축산,10미,c/s(상자),25,10,"30,000"
2022-04-05,(선)가자미,축산,12미,c/s(상자),2,10,"17,000"
2022-04-05,(선)가자미,축산,6미,c/s(상자),5,10,"20,000"
2022-04-05,(선)가자미,축산,9미,c/s(상자),7,10,"20,000"
2022-04-05,(선)참가자미,목포,대,S/P,1,1,"50,000"
2022-04-06,(선)가자미,속초,10미,S/P,5,15,"60,000"
2022-04-06,(선)가자미,속초,30미,S/P,400,1,"2,000"
2022-04-06,(선)가자미,제주도,대,S/P,215,1,"8,600"
2022-04-06,(선)가자미,제주도,대,S/P,30,15,"88,000"
2022-04-06,(선)가자미,축산,10미,S/P,25,10,"30,000"
2022-04-06,(선)가자미,축산,4미,c/s(상자),2,1,"15,000"
2022-04-06,(선)가자미,축산,4미,c/s(상자),2,10,"20,000"
2022-04-06,(선)가자미,축산,대,c/s(상자),2,1,"9,500"
2022-04-06,(선)참가자미,목포,대,S/P,24,1,"7,000"
2022-04-06,(선)참가자미,목포,대,S/P,2,20,"90,000"
2022-04-07,(선)가자미,목포,대,S/P,9,20,"80,000"
2022-04-07,(선)가자미,삼척,대,S/P,52,1,"5,100"
2022-04-07,(선)가자미,속초,10미,S/P,22,15,"17,100"
2022-04-07,(선)가자미,제주도,대,S/P,130,1,"8,700"
2022-04-07,(선)가자미,제주도,대,S/P,57,14,"81,900"
2022-04-07,(선)가자미,축산,10미,c/s(상자),15,10,"35,000"
2022-04-07,(선)참가자미,방어진,대,S/P,8,1,"8,500"
2022-04-07,(선)참가자미,방어진,대,S/P,4,20,"152,000"
2022-04-07,(활)가자미,서천,중,kg,51,1,"17,300"
2022-04-08,(선)가자미,나로도,12미,S/P,1,15,"15,000"
2022-04-08,(선)가자미,나로도,15미,S/P,4,15,"12,000"
2022-04-08,(선)가자미,나로도,16미,S/P,1,15,"12,000"
2022-04-08,(선)가자미,제주도,대,S/P,296,1,"8,400"
2022-04-08,(선)가자미,제주도,대,S/P,30,14,"82,600"
2022-04-08,(선)가자미,제주도,대,S/P,12,15,"90,000"
2022-04-08,(선)가자미,축산,10미,c/s(상자),40,15,"37,500"
2022-04-08,(선)가자미,축산,대,c/s(상자),4,15,"18,000"
2022-04-08,(선)참가자미,목포,대,S/P,3,1,"6,000"
2022-04-08,(선)참가자미,목포,대,S/P,4,20,"70,000"
2022-04-09,(선)가자미,방어진,소,S/P,1,10,"10,000"
2022-04-09,(선)가자미,임원,대,S/P,58,1,"3,800"
2022-04-09,(선)가자미,제주도,대,S/P,172,1,"9,500"
2022-04-09,(선)참가자미,제주도,대,S/P,4,14,"20,000"
2022-04-11,(선)가자미,나로도,대,S/P,3,15,"28,000"
2022-04-11,(선)가자미,임원,대,S/P,271,1,"3,000"
2022-04-11,(선)가자미,제주도,대,S/P,479,1,"7,200"
2022-04-11,(선)가자미,제주도,대,S/P,76,15,"79,800"
2022-04-11,(선)가자미,축산,10미,c/s(상자),32,1,"25,000"
2022-04-11,(선)참가자미,방어진,대,S/P,42,1,"16,200"
2022-04-11,(선)참가자미,방어진,대,S/P,5,20,"172,000"
2022-04-11,(활)돌가자미,속초,중,kg,7,1,"76,100"
2022-04-12,(선)가자미,속초,10미,S/P,14,15,"8,000"
2022-04-12,(선)가자미,임원,대,S/P,94,1,"2,400"
2022-04-12,(선)가자미,포항,대,S/P,4,10,"20,000"
2022-04-12,(활)가자미,태안,중,kg,6,1,"8,000"
2022-04-12,(활)돌가자미,부산(기장),중,kg,26,1,"68,400"
2022-04-12,(활)돌가자미,통영,중,kg,72,1,"38,800"
2022-04-13,(선)가자미,임원,대,S/P,32,1,"4,100"
2022-04-13,(선)가자미,제주도,대,S/P,300,1,"7,400"
2022-04-13,(선)가자미,제주도,중,kg,46,1,"6,300"
2022-04-13,(선)가자미,죽변,20미,S/P,6,10,"35,000"
2022-04-13,(선)가자미,축산,10미,c/s(상자),33,10,"31,500"
2022-04-13,(선)가자미,축산,15미,c/s(상자),4,10,"20,000"
2022-04-13,(선)가자미,축산,20미,c/s(상자),2,10,"20,000"
2022-04-13,(선)가자미,포항,대,S/P,11,8,"22,000"
2022-04-13,(활)돌가자미,통영,중,kg,4,1,"27,000"
2022-04-14,(선)가자미,축산,대,S/P,5,15,"31,000"
2022-04-14,(선)가자미,축산,대,c/s(상자),29,15,"26,900"
2022-04-14,(선)가자미,포항,대,S/P,5,10,"20,000"
2022-04-14,(선)참가자미,방어진,대,S/P,11,20,"168,900"
2022-04-14,(선)참가자미,방어진,중,S/P,2,20,"177,500"
2022-04-14,(선)참가자미,제주도,대,S/P,20,1,"7,500"
2022-04-14,(활)가자미,서산,중,kg,141,1,"10,500"
2022-04-15,(선)가자미,제주도,대,S/P,110,1,"7,800"
2022-04-15,(선)가자미,통영,대,S/P,4,20,"163,800"
2022-04-15,(선)참가자미,방어진,대,S/P,2,20,"205,500"
2022-04-15,(활)돌가자미,부산(기장),중,kg,22,1,"83,800"
2022-04-16,(냉)가자미(H/G),러시아,100/150,CT/(BT),100,4.5,"19,100"
2022-04-16,(냉)가자미(H/G),러시아,200/300,CT/(BT),100,4.5,"18,600"
2022-04-16,(선)가자미,완도,중,kg,60,1,"8,100"
2022-04-16,(선)가자미,제주도,대,S/P,430,1,"7,600"
2022-04-16,(선)참가자미,남해,대,S/P,170,1,"6,000"
2022-04-16,(선)참가자미,완도,중,S/P,64,1,"5,300"
2022-04-18,(선)가자미,임원,대,S/P,60,1,"3,700"
2022-04-18,(선)가자미,제주도,대,S/P,359,1,"7,600"
2022-04-18,(선)가자미,제주도,대,S/P,28,18,"78,400"
2022-04-18,(선)가자미,축산,10미,S/P,137,10,"24,200"
2022-04-18,(선)가자미,통영,대,S/P,10,1,"8,000"
2022-04-19,(선)가자미,군산,대,S/P,145,1,"3,300"
2022-04-19,(선)가자미,완도,중,kg,231,1,"6,500"
2022-04-19,(선)가자미,임원,대,S/P,93,1,"4,000"
2022-04-19,(선)가자미,제주도,대,S/P,270,1,"7,600"
2022-04-19,(선)가자미,제주도,대,S/P,35,14,"86,000"
2022-04-19,(선)가자미,죽변,11미,S/P,12,1,"8,000"
2022-04-19,(선)가자미,죽변,20미,S/P,5,20,"55,000"
2022-04-19,(선)가자미,죽변,25미,S/P,136,1,"3,400"
2022-04-19,(선)참가자미,방어진,대,S/P,17,1,"6,000"
2022-04-19,(선)참가자미,완도,중,S/P,59,1,"4,900"
2022-04-20,(선)가자미,속초,대,S/P,4,20,"50,000"
2022-04-20,(선)가자미,완도,중,kg,70,1,"5,000"
2022-04-20,(선)가자미,제주도,대,S/P,370,1,"7,800"
2022-04-20,(선)가자미,제주도,대,S/P,12,13,"90,000"
2022-04-20,(선)가자미,제주도,대,S/P,3,15,"73,300"
2022-04-20,(선)가자미,죽변,12미,S/P,1,10,"28,000"
2022-04-20,(선)가자미,죽변,25미,S/P,5,15,"82,200"
2022-04-21,(선)가자미,나로도,대,S/P,1,15,"12,000"
2022-04-21,(선)가자미,방어진,2단,S/P,36,1,"1,000"
2022-04-21,(선)가자미,방어진,대,S/P,46,1,"4,800"
2022-04-21,(선)가자미,속초,1미,S/P,60,1,"2,200"
2022-04-21,(선)가자미,속초,30미,S/P,90,1,"2,000"
2022-04-21,(선)가자미,속초,8미,S/P,16,10,"2,200"
2022-04-21,(선)가자미,속초,대,S/P,245,1,"2,000"
2022-04-21,(선)가자미,제주도,대,S/P,143,1,"7,600"
2022-04-21,(선)가자미,제주도,대,S/P,23,14,"75,200"
2022-04-21,(선)가자미,제주도,대,S/P,23,16,"89,600"
2022-04-21,(선)가자미,제주도,특대,S/P,108,1,"7,000"
2022-04-21,(선)가자미,죽변,12미,S/P,1,10,"47,000"
2022-04-21,(선)가자미,죽변,25미,S/P,350,1,"2,700"
2022-04-21,(선)가자미,죽변,25미,S/P,4,10,"78,300"
2022-04-21,(선)참가자미,목포,대,S/P,58,1,"7,400"
2022-04-21,(선)참가자미,목포,대,S/P,3,20,"70,000"
2022-04-22,(냉)가자미,태안,대,S/P,15,15,"11,300"
2022-04-22,(선)가자미,속초,30미,S/P,19,1,"48,000"
2022-04-22,(선)가자미,속초,30미,S/P,18,20,"55,000"
2022-04-22,(선)가자미,속초,35미,S/P,280,1,"1,400"
2022-04-22,(선)가자미,속초,35미,S/P,2,20,"50,000"
2022-04-22,(선)가자미,임원,8미,S/P,4,10,"16,000"
2022-04-22,(선)가자미,제주도,대,S/P,173,1,"7,600"
2022-04-22,(선)가자미,제주도,대,S/P,28,14,"70,100"
2022-04-22,(선)가자미,죽변,25미,S/P,2,20,"88,000"
2022-04-22,(선)가자미,죽변,6미,S/P,2,20,"15,000"
2022-04-22,(선)가자미,죽변,9미,S/P,1,20,"38,000"
2022-04-22,(선)가자미,죽변,대,S/P,4,20,"58,500"
2022-04-22,(선)가자미,축산,10미,c/s(상자),18,10,"23,700"
2022-04-22,(선)참가자미,방어진,대,S/P,69,1,"7,500"
2022-04-22,(선)참가자미,방어진,대,S/P,16,20,"146,300"
2022-04-23,(선)가자미,부산(기장),대,S/P,2,20,"110,000"
2022-04-23,(선)가자미,속초,30미,S/P,30,1,"2,200"
2022-04-23,(선)가자미,속초,35미,S/P,70,1,"2,200"
2022-04-23,(선)가자미,제주도,대,S/P,8,1,"8,000"
2022-04-23,(선)가자미,제주도,대,S/P,17,15,"70,900"
2022-04-23,(활)가자미,서산,중,kg,58,1,"16,200"
2022-04-25,(선)가자미,속초,30미,S/P,210,1,"1,800"
2022-04-25,(선)가자미,속초,대,S/P,240,1,"1,700"
2022-04-25,(선)가자미,속초,대,S/P,2,20,"69,000"
2022-04-25,(선)가자미,제주도,대,S/P,47,1,"8,600"
2022-04-25,(선)가자미,축산,10미,c/s(상자),28,1,"20,000"
2022-04-25,(선)가자미,축산,10미,c/s(상자),22,10,"20,000"
2022-04-25,(선)참가자미,목포,대,S/P,124,1,"6,700"
2022-04-25,(선)참가자미,여수,대,S/P,48,1,"5,000"
2022-04-25,(선)참가자미,완도,중,kg,53,1,"3,900"
2022-04-26,(선)가자미,완도,중,kg,130,1,"3,700"
2022-04-26,(선)가자미,임원,대,S/P,10,1,"4,000"
2022-04-26,(선)가자미,제주도,대,S/P,340,1,"7,300"
2022-04-26,(선)가자미,제주도,대,S/P,23,15,"86,100"
2022-04-26,(선)가자미,제주도,대,S/P,16,18,"68,100"
2022-04-26,(선)참가자미,방어진,대,S/P,59,1,"4,600"
2022-04-26,(선)참가자미,완도,중,kg,136,1,"3,200"
2022-04-27,(냉)가자미(H/G),러시아,100/150,CT/(BT),30,4.5,"19,700"
2022-04-27,(선)가자미,완도,중,kg,48,1,"6,200"
2022-04-27,(선)가자미,제주도,중,S/P,35,15,"84,700"
2022-04-28,(선)가자미,부산(기장),대,S/P,1,20,"230,000"
2022-04-28,(선)가자미,완도,중,kg,61,1,"4,200"
2022-04-28,(선)가자미,제주도,대,S/P,87,1,"7,500"
2022-04-28,(선)참가자미,목포,대,S/P,17,1,"5,000"
2022-04-28,(선)참가자미,목포,대,S/P,2,20,"70,000"
2022-04-28,(선)참가자미,완도,중,kg,3,1,"5,000"
2022-04-29,(선)가자미,나로도,대,S/P,2,15,"30,000"
2022-04-29,(선)가자미,죽변,20미,S/P,4,15,"70,000"
2022-04-29,(선)가자미,죽변,7미,S/P,8,15,"72,500"
2022-04-29,(선)가자미,죽변,8미,S/P,4,15,"65,000"
2022-04-29,(선)참가자미,목포,대,S/P,3,1,"4,500"
2022-04-29,(선)참가자미,목포,대,S/P,4,20,"80,000"
2022-04-30,(선)가자미,완도,중,kg,30,1,"5,600"
2022-04-30,(선)가자미,통영,대,c/s(상자),3,1,"5,000"
2022-04-30,(선)가자미,통영,대,c/s(상자),10,20,"195,700"
2022-05-02,(선)가자미,임원,대,S/P,40,1,"6,000"
2022-05-02,(선)가자미,제주도,대,S/P,20,15,"100,000"
2022-05-02,(선)가자미,죽변,20미,S/P,11,20,"59,600"
2022-05-02,(선)가자미,죽변,25미,S/P,4,20,"75,000"
2022-05-02,(선)가자미,축산,12미,S/P,2,10,"15,000"
2022-05-02,(선)가자미,축산,4미,S/P,1,10,"15,000"
2022-05-02,(선)가자미,축산,6미,S/P,1,10,"15,000"
2022-05-02,(선)가자미,태안,중,kg,12,1,"2,000"
2022-05-02,(선)참가자미,목포,대,S/P,2,15,"90,000"
2022-05-03,(냉)가자미,미국,M,PAN(펜),20,18,"43,400"
2022-05-03,(선)가자미,군산,대,S/P,20,1,"2,400"
2022-05-03,(선)가자미,나로도,대,S/P,2,10,"25,000"
2022-05-03,(선)가자미,완도,중,kg,92,1,"7,500"
2022-05-03,(선)가자미,죽변,14미,S/P,1,20,"50,000"
2022-05-03,(선)가자미,죽변,20미,S/P,1,1,"18,000"
2022-05-03,(선)가자미,죽변,20미,S/P,10,20,"66,900"
2022-05-03,(선)가자미,죽변,25미,S/P,3,20,"70,300"
2022-05-03,(선)가자미,축산,대,S/P,7,15,"28,300"
2022-05-03,(선)참가자미,목포,대,S/P,9,1,"110,000"
2022-05-03,(선)참가자미,목포,대,S/P,7,20,"78,100"
2022-05-03,(선)참가자미,방어진,대,S/P,1,20,"181,000"
2022-05-03,(활)가자미,서천,중,kg,1,1,"12,000"
2022-05-04,(냉)가자미,미국,L,PAN(펜),30,18,"44,800"
2022-05-04,(선)가자미,방어진,17미,c/s(상자),1,1,"13,000"
2022-05-04,(선)가자미,방어진,6미,c/s(상자),1,1,"18,000"
2022-05-04,(선)가자미,방어진,7미,c/s(상자),1,1,"18,000"
2022-05-04,(선)가자미,안흥,10미,S/P,8,15,"20,000"
2022-05-04,(선)가자미,안흥,12미,S/P,19,15,"21,000"
2022-05-04,(선)가자미,안흥,18미,S/P,1,15,"10,000"
2022-05-04,(선)가자미,안흥,8미,S/P,11,15,"17,000"
2022-05-04,(선)가자미,안흥,대,S/P,2,15,"16,000"
2022-05-04,(선)가자미,죽변,20미,S/P,6,10,"65,000"
2022-05-04,(선)참가자미,군산,대,S/P,26,1,"5,900"
2022-05-04,(선)참가자미,군산,대,S/P,1,20,"100,000"
2022-05-04,(선)참가자미,목포,10미,S/P,40,1,"7,800"
2022-05-04,(선)참가자미,목포,대,S/P,16,1,"74,500"
2022-05-04,(선)참가자미,목포,대,S/P,13,15,"107,700"
2022-05-05,(냉)가자미(H/G),러시아,100/150,CT/(BT),30,4.5,"19,700"
2022-05-05,(냉)가자미(H/G),러시아,200/300,CT/(BT),50,4.5,"18,600"
2022-05-05,(선)가자미,부산(기장),대,S/P,4,20,"155,000"
2022-05-05,(선)가자미,완도,중,kg,6,1,"5,000"
2022-05-05,(선)가자미,죽변,20미,S/P,5,20,"60,400"
2022-05-05,(선)가자미,죽변,25미,S/P,1,20,"76,000"
2022-05-05,(선)가자미,죽변,8미,S/P,1,10,"23,000"
2022-05-05,(선)가자미,태안,중,kg,39,1,"2,600"
2022-05-05,(선)참가자미,목포,대,S/P,112,1,"16,700"
2022-05-05,(선)참가자미,목포,대,S/P,14,20,"100,000"
2022-05-05,(선)참가자미,목포,소,S/P,1,1,"132,000"
2022-05-05,(선)참가자미,방어진,대,S/P,1,15,"150,000"
2022-05-05,(선)참가자미,방어진,대,S/P,2,20,"230,000"
2022-05-05,(선)참가자미,부산(기장),대,S/P,3,20,"103,300"
2022-05-05,(활)범가자미,포항,중,kg,30,1,"33,500"
2022-05-06,(선)가자미,방어진,대,S/P,3,5,"15,000"
2022-05-06,(선)가자미,신안,대,S/P,21,1,"6,500"
2022-05-06,(선)가자미,안흥,중,kg,181,1,"1,700"
2022-05-06,(선)가자미,제주도,대,S/P,433,1,"8,600"
2022-05-06,(선)가자미,죽변,20미,S/P,12,20,"65,400"
2022-05-06,(선)범가자미,포항,중,kg,50,1,"33,000"
2022-05-06,(선)참가자미,목포,대,S/P,92,1,"6,800"
2022-05-06,(선)참가자미,목포,대,S/P,12,15,"145,800"
2022-05-06,(선)참가자미,목포,대,S/P,15,20,"100,000"
2022-05-07,(냉)가자미(H/G),러시아,150/200,CT/(BT),20,4.5,"19,100"
2022-05-07,(선)가자미,목포,대,S/P,14,1,"2,000"
2022-05-07,(선)가자미,완도,중,kg,106,1,"3,700"
2022-05-07,(선)가자미,제주도,대,S/P,2,1,"6,500"
2022-05-07,(선)가자미,제주도,대,S/P,3,10,"103,300"
2022-05-07,(선)가자미,죽변,20미,S/P,2,15,"60,000"
2022-05-07,(선)가자미,축산,대,S/P,9,20,"35,000"
2022-05-07,(선)참가자미,목포,대,S/P,65,1,"24,800"
2022-05-07,(선)참가자미,목포,대,S/P,10,20,"90,000"
2022-05-07,(선)참가자미,부산(기장),대,S/P,1,20,"80,000"
2022-05-09,(선)가자미,나로도,2단,c/s(상자),1,15,"12,000"
2022-05-09,(선)가자미,목포,대,S/P,108,1,"6,800"
2022-05-09,(선)가자미,속초,7미,S/P,32,1,"3,800"
2022-05-09,(선)가자미,완도,중,kg,162,1,"2,100"
2022-05-09,(선)가자미,임원,대,S/P,37,1,"4,000"
2022-05-09,(선)가자미,제주도,대,S/P,78,1,"8,100"
2022-05-09,(선)가자미,제주도,대,S/P,30,15,"80,000"
2022-05-09,(선)가자미,제주도,대,S/P,16,20,"73,300"
2022-05-09,(선)참가자미,목포,대,S/P,131,1,"6,000"
2022-05-09,(선)참가자미,방어진,대,S/P,9,1,"7,000"
2022-05-09,(선)참가자미,부산(기장),대,S/P,3,20,"80,000"
2022-05-09,(선)참가자미,신안,대,S/P,26,1,"5,600"
2022-05-09,(선)참가자미,제주도,대,S/P,13,20,"40,800"
2022-05-09,(활)가자미,통영,중,kg,17,1,"7,600"
2022-05-10,(냉)가자미(H/G),러시아,150/200,CT/(BT),30,4.5,"19,000"
2022-05-10,(선)가자미,완도,중,kg,29,1,"3,200"
2022-05-10,(선)가자미,임원,대,S/P,25,1,"4,000"
2022-05-10,(선)가자미,제주도,대,S/P,70,1,"8,800"
2022-05-10,(선)가자미,죽변,20미,S/P,6,20,"60,000"
2022-05-10,(선)가자미,죽변,25미,S/P,25,1,"1,800"
2022-05-10,(선)가자미,죽변,5미,S/P,5,1,"2,000"
2022-05-10,(선)가자미,후포,대,S/P,1,10,"20,000"
2022-05-10,(선)참가자미,군산,대,S/P,13,1,"4,400"
2022-05-10,(선)참가자미,군산,대,S/P,5,20,"80,000"
2022-05-10,(선)참가자미,군산,대,c/s(상자),1,6.5,"52,000"
2022-05-10,(선)참가자미,군산,대,c/s(상자),3,8,"72,000"
2022-05-10,(선)참가자미,목포,10미,S/P,10,15,"72,000"
2022-05-10,(선)참가자미,목포,12미,S/P,30,1,"4,300"
2022-05-10,(선)참가자미,목포,대,c/s(상자),5,1,"8,000"
2022-05-10,(선)참가자미,목포,중,S/P,12,15,"7,000"
2022-05-10,(선)참가자미,완도,대,S/P,149,1,"1,700"
2022-05-10,(활)범가자미,포항,중,kg,60,1,"22,500"
2022-05-11,(냉)가자미(H/G),러시아,100/150,CT/(BT),30,4.5,"19,600"
2022-05-11,(냉)가자미(H/G),러시아,200/300,CT/(BT),20,4.5,"18,600"
2022-05-11,(선)가자미,제주도,대,S/P,90,1,"8,300"
2022-05-11,(선)가자미,제주도,중,kg,53,1,"3,800"
2022-05-11,(선)가자미,죽변,20미,S/P,14,1,"40,700"
2022-05-11,(선)가자미,죽변,20미,S/P,5,10,"42,000"
2022-05-11,(선)참가자미,군산,대,S/P,7,8,"52,000"
2022-05-11,(선)참가자미,군산,소,S/P,1,6,"15,000"
2022-05-11,(선)참가자미,군산,소,S/P,1,8,"20,000"
2022-05-11,(선)참가자미,군산,중,S/P,7,8,"72,000"
2022-05-12,(냉)가자미(H/G),러시아,150/200,CT/(BT),30,4.5,"19,000"
2022-05-12,(냉)가자미(H/G),러시아,200/300,CT/(BT),50,4.5,"16,500"
2022-05-12,(선)가자미,군산,중,kg,49,1,"5,000"
2022-05-12,(선)가자미,동해시,12미,S/P,36,1,"2,500"
2022-05-12,(선)가자미,동해시,15미,S/P,15,1,"1,200"
2022-05-12,(선)참가자미,군산,대,S/P,9,1,"1,700"
2022-05-12,(선)참가자미,군산,대,S/P,7,20,"57,100"
2022-05-12,(활)가자미,군산,중,kg,16,1,"7,100"
2022-05-13,(냉)가자미(H/G),러시아,100/150,CT/(BT),30,4.5,"19,000"
2022-05-13,(선)가자미,완도,중,kg,5,1,"2,000"
2022-05-13,(선)가자미,제주도,대,S/P,5,14,"100,000"
2022-05-13,(선)참가자미,군산,대,S/P,13,1,"1,000"
2022-05-13,(선)참가자미,군산,대,S/P,32,10,"69,600"
2022-05-13,(선)참가자미,군산,소,S/P,2,10,"16,000"
2022-05-13,(선)참가자미,군산,중,S/P,17,8,"32,000"
2022-05-13,(선)참가자미,목포,대,S/P,2,20,"60,000"
2022-05-13,(선)참가자미,신안,대,S/P,17,1,"7,300"
2022-05-13,(활)범가자미,포항,중,kg,60,1,"23,100"
2022-05-14,(선)가자미,완도,중,kg,17,1,"3,000"
2022-05-14,(선)참가자미,군산,대,S/P,3,20,"66,700"
2022-05-16,(선)가자미,나로도,대,S/P,1,12,"8,000"
2022-05-16,(선)가자미,속초,9미,S/P,9,10,"10,000"
2022-05-16,(선)가자미,안흥,대,c/s(상자),13,1,"2,900"
2022-05-16,(선)가자미,완도,중,kg,8,1,"10,000"
2022-05-16,(활)가자미,군산,중,kg,79,1,"12,400"
2022-05-17,(냉)가자미(H/G),러시아,200/300,CT/(BT),50,4.5,"18,700"
2022-05-17,(선)가자미,방어진,대,S/P,3,20,"80,000"
2022-05-17,(선)가자미,삼척,대,S/P,27,1,"4,200"
2022-05-17,(선)가자미,완도,중,kg,64,1,"7,800"
2022-05-17,(선)가자미,임원,대,S/P,4,20,"10,000"
2022-05-17,(선)참가자미,목포,대,S/P,8,20,"77,400"
2022-05-18,(냉)가자미,미국,M,PAN(펜),50,18,"43,600"
2022-05-18,(냉)가자미(H/G),러시아,200/300,CT/(BT),50,4.5,"18,700"
2022-05-18,(선)가자미,방어진,대,S/P,42,1,"9,500"
2022-05-18,(선)가자미,방어진,대,S/P,4,20,"80,000"
2022-05-18,(선)가자미,신안,대,S/P,4,15,"25,000"
2022-05-18,(선)가자미,안흥,대,c/s(상자),16,1,"4,000"
2022-05-18,(선)가자미,안흥,대,가구,53,1,"2,300"
2022-05-18,(선)가자미,축산,대,S/P,11,10,"17,200"
2022-05-18,(선)참가자미,군산,대,S/P,113,1,"2,800"
2022-05-18,(선)참가자미,군산,대,S/P,7,10,"72,000"
2022-05-18,(선)참가자미,군산,대,S/P,40,15,"87,100"
2022-05-18,(선)참가자미,군산,소,S/P,4,10,"20,000"
2022-05-18,(선)참가자미,군산,중,S/P,21,10,"33,000"
2022-05-18,(선)참가자미,목포,대,S/P,49,1,"7,100"
2022-05-18,(선)참가자미,목포,대,S/P,17,20,"89,400"
2022-05-19,(선)가자미,군산,대,S/P,58,1,"1,400"
2022-05-19,(선)가자미,임원,대,S/P,13,1,"3,400"
2022-05-19,(선)가자미,진도,중,kg,1,1,"60,000"
2022-05-19,(선)가자미,태안,대,c/s(상자),8,1,"1,000"
2022-05-19,(선)참가자미,군산,대,S/P,5,1,"1,000"
2022-05-19,(선)참가자미,목포,대,S/P,4,20,"80,000"
2022-05-20,(선)참가자미,목포,대,S/P,54,1,"6,500"
2022-05-20,(선)참가자미,목포,대,S/P,5,15,"92,000"
2022-05-21,(선)가자미,안흥,대,c/s(상자),478,1,700
2022-05-21,(선)가자미,안흥,대,가구,944,1,"1,200"
2022-05-21,(선)가자미,완도,중,kg,12,1,"9,300"
2022-05-21,(선)가자미,진도,중,kg,16,1,"4,000"
2022-05-21,(선)참가자미,목포,대,S/P,15,15,"95,000"
2022-05-23,(선)가자미,군산,10미,S/P,241,1,"1,700"
2022-05-23,(선)가자미,군산,중,kg,26,1,"3,000"
2022-05-23,(선)가자미,안흥,중,kg,16,1,800
2022-05-23,(선)가자미,제주도,대,S/P,3,20,"60,000"
2022-05-23,(선)가자미,축산,대,S/P,1,10,"20,000"
2022-05-23,(선)참가자미,군산,대,S/P,379,1,"2,600"
2022-05-23,(선)참가자미,군산,대,S/P,60,10,"70,200"
2022-05-23,(선)참가자미,군산,대,S/P,18,15,"64,400"
2022-05-23,(선)참가자미,군산,소,S/P,5,10,"27,000"
2022-05-23,(선)참가자미,군산,중,S/P,9,10,"30,000"
2022-05-24,(냉)가자미(H/G),러시아,150/200,CT/(BT),80,4.5,"19,100"
2022-05-24,(선)가자미,군산,대,S/P,30,1,"3,000"
2022-05-24,(선)가자미,방어진,10미,S/P,2,10,"50,000"
2022-05-24,(선)가자미,제주도,대,S/P,19,1,"8,100"
2022-05-24,(선)가자미,죽변,20미,S/P,280,1,"2,500"
2022-05-24,(선)가자미,포항,8미,S/P,26,10,"15,300"
2022-05-24,(선)참가자미,군산,대,S/P,62,10,"55,500"
2022-05-24,(선)참가자미,군산,소,S/P,7,10,"15,000"
2022-05-24,(선)참가자미,군산,중,S/P,11,10,"22,000"
2022-05-24,(선)참가자미,목포,대,S/P,6,1,"6,000"
2022-05-24,(선)참가자미,목포,대,S/P,1,10,"40,000"
2022-05-24,(선)참가자미,목포,대,S/P,4,20,"83,800"
2022-05-24,(선)참가자미,목포,대,S/P,1,25,"104,000"
2022-05-24,(선)참가자미,부산(기장),대,S/P,1,15,"110,000"
2022-05-25,(선)가자미,군산,대,S/P,260,1,"2,300"
2022-05-25,(선)가자미,속초,9미,S/P,1,10,"10,000"
2022-05-25,(선)가자미,완도,중,kg,2,1,"6,000"
2022-05-25,(선)가자미,포항,대,c/s(상자),2,10,"20,000"
2022-05-25,(선)가자미,포항,대,c/s(상자),1,15,"30,000"
2022-05-25,(선)참가자미,군산,대,S/P,7,10,"90,000"
2022-05-25,(선)참가자미,목포,대,S/P,45,1,"3,600"
2022-05-25,(활)가자미,군산,중,kg,33,1,"20,600"
2022-05-26,(선)가자미,완도,중,kg,67,1,"3,900"
2022-05-26,(선)가자미,태안,대,S/P,1,10,"7,000"
2022-05-26,(선)참가자미,군산,대,S/P,34,1,"3,300"
2022-05-26,(선)참가자미,군산,대,S/P,5,20,"80,000"
2022-05-26,(선)참가자미,목포,대,S/P,5,15,"80,000"
2022-05-27,(냉)가자미(H/G),러시아,100/150,CT/(BT),20,4.5,"19,600"
2022-05-27,(냉)가자미(H/G),러시아,150/200,CT/(BT),20,4.5,"19,100"
2022-05-27,(냉)가자미(H/G),러시아,200/300,CT/(BT),10,4.5,"18,800"
2022-05-27,(선)가자미,군산,대,S/P,120,1,"2,800"
2022-05-27,(선)참가자미,군산,대,S/P,42,1,"6,300"
2022-05-27,(선)참가자미,군산,대,S/P,11,10,"52,900"
2022-05-27,(선)참가자미,군산,대,S/P,57,15,"83,700"
2022-05-27,(선)참가자미,군산,소,S/P,1,10,"25,000"
2022-05-27,(활)가자미,군산,중,kg,53,1,"9,800"
2022-05-28,(선)가자미,군산,중,kg,154,1,"2,900"
2022-05-28,(선)가자미,보령,중,kg,20,1,"1,000"
2022-05-28,(선)가자미,여수,대,S/P,70,1,"2,100"
2022-05-28,(선)참가자미,군산,대,S/P,12,10,"72,000"
2022-05-28,(선)참가자미,군산,소,S/P,1,10,"40,000"
2022-05-28,(선)참가자미,목포,대,S/P,6,10,"96,200"
2022-05-28,(선)참가자미,삼천포,25미,S/P,2,10,"60,000"
2022-05-28,(선)참가자미,삼천포,27미,S/P,1,10,"60,000"
2022-05-28,(선)참가자미,신안,대,c/s(상자),8,1,"8,000"
2022-05-28,(선)참가자미,여수,대,S/P,18,1,"3,400"
2022-05-30,(선)가자미,군산,대,S/P,137,1,"3,800"
2022-05-30,(선)가자미,군산,대,S/P,2,10,"50,000"
2022-05-30,(선)가자미,완도,중,kg,21,1,"5,800"
2022-05-30,(선)가자미,축산,10미,S/P,6,10,"20,000"
2022-05-30,(선)가자미,축산,12미,S/P,2,10,"20,000"
2022-05-30,(선)가자미,축산,대,S/P,2,10,"15,000"
2022-05-30,(선)참가자미,군산,10미,S/P,30,1,"2,000"
2022-05-30,(선)참가자미,목포,대,S/P,13,1,"2,500"
2022-05-30,(선)참가자미,목포,대,S/P,5,15,"70,000"
2022-05-31,(선)가자미,군산,대,S/P,176,1,"2,000"
2022-05-31,(선)가자미,군산,대,S/P,1,15,"50,000"
2022-05-31,(선)가자미,군산,중,kg,106,1,"3,400"
2022-05-31,(선)가자미,서산,대,c/s(상자),11,10,"20,000"
2022-05-31,(선)가자미,완도,중,kg,34,1,"5,400"
2022-05-31,(선)참가자미,군산,대,S/P,1,15,"30,000"
2022-05-31,(선)참가자미,군산,중,kg,4,1,"8,000"
2022-05-31,(선)참가자미,목포,대,S/P,3,20,"80,000"
2022-05-31,(선)참가자미,태안,중,kg,3,1,"5,000"
2022-06-01,(선)가자미,군산,대,S/P,1,15,"50,000"
2022-06-01,(선)가자미,군산,중,kg,315,1,"2,100"
2022-06-01,(선)가자미,태안,중,kg,65,1,"3,000"
2022-06-01,(선)참가자미,군산,대,S/P,1,15,"50,000"
2022-06-01,(선)참가자미,목포,대,S/P,2,15,"85,000"
2022-06-02,(선)가자미,군산,대,S/P,256,1,"1,700"
2022-06-02,(선)가자미,군산,중,kg,304,1,"2,100"
2022-06-02,(선)가자미,죽변,20미,S/P,22,15,"43,900"
2022-06-02,(선)가자미,죽변,30미,S/P,1,15,"30,000"
2022-06-02,(선)가자미,태안,대,S/P,447,1,"1,700"
2022-06-02,(선)참가자미,군산,대,S/P,95,1,"4,500"
2022-06-02,(선)참가자미,군산,대,S/P,20,10,"72,400"
2022-06-02,(선)참가자미,군산,대,S/P,54,15,"77,900"
2022-06-02,(선)참가자미,목포,대,c/s(상자),3,15,"80,000"
2022-06-02,(활)가자미,안흥,중,kg,13,1,"16,100"
2022-06-03,(선)가자미,강구,대,S/P,2,10,"20,000"
2022-06-03,(선)가자미,군산,중,kg,52,1,"4,200"
2022-06-03,(선)가자미,죽변,12미,S/P,13,1,700
2022-06-03,(선)가자미,죽변,16미,S/P,1,15,"30,000"
2022-06-03,(선)가자미,죽변,20미,S/P,23,15,"40,900"
2022-06-03,(선)가자미,죽변,25미,S/P,2,15,"25,000"
2022-06-03,(선)가자미,죽변,5미,S/P,6,1,"12,800"
2022-06-03,(선)가자미,죽변,6미,S/P,5,1,"13,800"
2022-06-03,(선)가자미,죽변,6미,S/P,17,10,"20,000"
2022-06-03,(선)가자미,죽변,8미,S/P,2,1,"11,000"
2022-06-03,(선)가자미,죽변,8미,S/P,10,10,"20,000"
2022-06-03,(선)참가자미,군산,대,S/P,59,1,"6,600"
2022-06-03,(선)참가자미,군산,중,S/P,4,8,"57,500"
2022-06-03,(선)참가자미,목포,대,S/P,2,20,"100,000"
2022-06-03,(선)참가자미,신안,대,S/P,12,1,"3,600"
2022-06-03,(활)가자미,군산,중,kg,51,1,"23,000"
2022-06-04,(냉)가자미(H/G),러시아,100/150,CT/(BT),40,4.5,"18,800"
2022-06-04,(선)가자미,군산,대,S/P,101,1,"1,500"
2022-06-04,(선)가자미,군산,대,S/P,5,15,"57,000"
2022-06-04,(선)가자미,서산,대,S/P,126,1,"3,000"
2022-06-04,(선)가자미,죽변,14미,S/P,1,10,"30,000"
2022-06-04,(선)가자미,죽변,20미,S/P,7,20,"36,900"
2022-06-04,(선)가자미,죽변,25미,S/P,3,20,"33,300"
2022-06-04,(선)가자미,진도,중,kg,3,1,200
2022-06-04,(선)참가자미,군산,대,S/P,116,1,"7,500"
2022-06-04,(선)참가자미,군산,대,S/P,72,15,"69,600"
2022-06-06,(선)가자미,군산,대,S/P,195,1,"2,300"
2022-06-06,(선)가자미,완도,중,kg,81,1,"3,100"
2022-06-06,(선)가자미,죽변,10미,S/P,1,10,"15,000"
2022-06-06,(선)가자미,죽변,20미,S/P,5,20,"33,000"
2022-06-06,(선)가자미,죽변,25미,S/P,3,20,"35,000"
2022-06-06,(선)가자미,진도,중,kg,17,1,"1,300"
2022-06-06,(선)참가자미,군산,대,S/P,93,1,"2,600"
2022-06-06,(선)참가자미,군산,대,S/P,22,10,"63,000"
2022-06-06,(선)참가자미,군산,대,S/P,43,15,"73,600"
2022-06-06,(선)참가자미,군산,중,S/P,10,10,"32,000"
2022-06-07,(선)가자미,태안,대,kg,51,1,"2,900"
2022-06-07,(선)참가자미,목포,대,S/P,7,1,"4,000"
2022-06-07,(선)참가자미,목포,대,S/P,7,20,"77,900"
2022-06-07,(선)참가자미,삼천포,대,S/P,11,1,"6,500"
2022-06-08,(냉)가자미(H/G),러시아,150/200,CT/(BT),50,4.5,"18,800"
2022-06-08,(선)가자미,태안,중,kg,7,1,"2,000"
2022-06-08,(선)참가자미,군산,대,S/P,17,15,"74,100"
2022-06-08,(선)참가자미,목포,대,S/P,21,1,"4,500"
2022-06-08,(활)가자미,군산,중,kg,28,1,"23,100"
2022-06-09,(선)가자미,태안,중,kg,118,1,"5,400"
2022-06-10,(선)가자미,군산,대,S/P,135,1,"1,700"
2022-06-10,(선)가자미,군산,대,S/P,7,15,"62,900"
2022-06-10,(선)가자미,죽변,20미,S/P,30,20,"57,800"
2022-06-10,(선)가자미,죽변,25미,S/P,12,20,"28,800"
2022-06-10,(선)가자미,죽변,6미,S/P,6,1,"2,400"
2022-06-10,(선)가자미,죽변,6미,S/P,4,10,"14,300"
2022-06-10,(선)가자미,죽변,8미,S/P,16,10,"15,000"
2022-06-10,(선)가자미,축산,대,S/P,18,10,"15,000"
2022-06-10,(선)참가자미,군산,대,S/P,20,1,"5,400"
2022-06-10,(선)참가자미,군산,대,S/P,10,10,"80,000"
2022-06-11,(선)가자미,완도,중,kg,65,1,"5,700"
2022-06-11,(선)가자미,죽변,25미,S/P,16,15,"46,200"
2022-06-11,(선)가자미,태안,중,kg,23,1,"1,900"
2022-06-13,(선)가자미,군산,중,S/P,125,1,"3,100"
2022-06-13,(선)가자미,군산,중,S/P,36,15,"91,900"
2022-06-13,(선)가자미,군산,중,S/P,24,20,"77,500"
2022-06-13,(선)가자미,죽변,10미,S/P,3,20,"21,300"
2022-06-13,(선)가자미,죽변,20미,S/P,5,20,"50,000"
2022-06-13,(선)가자미,죽변,6미,S/P,14,20,"30,400"
2022-06-13,(선)가자미,죽변,8미,S/P,8,20,"26,800"
2022-06-13,(선)가자미,태안,중,kg,179,1,"5,000"
2022-06-13,(선)참가자미,군산,중,S/P,12,15,"57,300"
2022-06-14,(선)가자미,방어진,대,S/P,16,20,"100,600"
2022-06-14,(선)가자미,부산(기장),대,S/P,1,20,"140,000"
2022-06-14,(선)가자미,죽변,10미,S/P,2,10,"20,000"
2022-06-14,(선)가자미,죽변,20미,S/P,6,20,"50,000"
2022-06-14,(선)가자미,죽변,25미,S/P,5,20,"42,000"
2022-06-14,(선)참가자미,군산,10미,S/P,51,1,"4,300"
2022-06-14,(선)참가자미,군산,10미,S/P,25,10,"77,400"
2022-06-14,(선)참가자미,군산,대,S/P,1,6,"30,000"
2022-06-14,(선)참가자미,군산,대,S/P,6,8,"60,000"
2022-06-14,(선)참가자미,군산,대,S/P,5,10,"60,000"
2022-06-15,(선)가자미,속초,14미,S/P,30,10,"4,000"
2022-06-15,(선)가자미,태안,중,kg,38,1,"1,300"
2022-06-15,(선)참가자미,목포,대,S/P,1,20,"50,000"
2022-06-16,(냉)가자미(H/G),러시아,150/200,CT/(BT),30,4.5,"18,600"
2022-06-16,(선)가자미,방어진,2단,S/P,4,20,"100,000"
2022-06-16,(선)가자미,방어진,대,S/P,12,20,"100,800"
2022-06-16,(선)가자미,태안,중,kg,6,1,"3,000"
2022-06-16,(선)참가자미,군산,대,S/P,10,15,"94,400"
2022-06-16,(선)참가자미,군산,대,c/s(상자),29,1,"2,500"
2022-06-16,(선)참가자미,군산,대,c/s(상자),10,15,"90,000"
2022-06-16,(선)참가자미,군산,소,S/P,4,10,"60,100"
2022-06-16,(선)참가자미,군산,소,S/P,3,15,"25,000"
2022-06-16,(선)참가자미,군산,중,S/P,4,12,"70,000"
2022-06-17,(선)가자미,보령,대,c/s(상자),31,1,"4,000"
2022-06-17,(선)가자미,완도,중,kg,81,1,"4,600"
2022-06-17,(선)가자미,죽변,20미,S/P,5,15,"50,000"
2022-06-17,(선)가자미,죽변,25미,S/P,6,15,"38,800"
2022-06-17,(선)참가자미,군산,대,S/P,1,8,"60,000"
2022-06-17,(선)참가자미,군산,대,S/P,1,15,"150,000"
2022-06-17,(선)참가자미,군산,대,c/s(상자),18,1,"2,500"
2022-06-17,(선)참가자미,군산,대,c/s(상자),16,10,"82,500"
2022-06-17,(활)가자미,태안,중,kg,38,1,"5,000"
2022-06-18,(선)가자미,군산,대,S/P,1,15,"40,000"
2022-06-18,(선)가자미,군산,대,S/P,1,20,"60,000"
2022-06-18,(선)가자미,신안,대,S/P,34,1,"1,600"
2022-06-18,(선)가자미,죽변,20미,S/P,2,15,"44,000"
2022-06-18,(선)가자미,죽변,25미,S/P,2,15,"35,000"
2022-06-18,(활)가자미,서천,중,kg,103,1,"7,700"
2022-06-20,(선)가자미,보령,대,c/s(상자),16,1,"1,500"
2022-06-20,(선)가자미,임원,12미,S/P,9,10,"15,000"
2022-06-20,(선)가자미,죽변,20미,S/P,33,15,"63,600"
2022-06-20,(선)참가자미,군산,10미,S/P,215,1,"2,800"
2022-06-20,(선)참가자미,군산,10미,S/P,46,10,"82,800"
2022-06-20,(선)참가자미,군산,대,S/P,13,15,"88,900"
2022-06-20,(선)참가자미,군산,소,S/P,3,8,"64,700"
2022-06-20,(선)참가자미,목포,대,S/P,1,10,"100,000"
2022-06-20,(활)가자미,군산,중,kg,34,1,"25,100"
2022-06-21,(선)가자미,군산,대,S/P,1,15,"50,000"
2022-06-21,(선)가자미,삼천포,대,S/P,1,10,"5,000"
2022-06-21,(선)가자미,제주도,대,S/P,1,14,"80,000"
2022-06-21,(선)가자미,죽변,6미,S/P,29,10,"20,000"
2022-06-21,(선)가자미,태안,중,kg,6,1,"2,000"
2022-06-21,(선)참가자미,군산,대,S/P,8,1,"3,000"
2022-06-21,(선)참가자미,군산,대,S/P,6,15,"80,000"
2022-06-21,(선)참가자미,목포,대,S/P,1,20,"30,000"
2022-06-22,(냉)가자미(H/G),러시아,100/150,CT/(BT),30,4.5,"19,300"
2022-06-22,(냉)가자미(H/G),러시아,150/200,CT/(BT),50,4.5,"18,800"
2022-06-22,(선)가자미,군산,대,S/P,88,1,"3,800"
2022-06-22,(선)가자미,죽변,20미,S/P,10,10,"62,000"
2022-06-22,(선)가자미,죽변,25미,S/P,3,10,"30,000"
2022-06-22,(선)가자미,죽변,6미,S/P,17,10,"20,000"
2022-06-22,(선)가자미,죽변,중,S/P,28,1,"2,100"
2022-06-22,(선)가자미,죽변,중,S/P,5,3,"25,000"
2022-06-22,(선)가자미,죽변,중,S/P,1,5,"1,000"
2022-06-22,(선)참가자미,군산,대,S/P,114,1,"3,400"
2022-06-22,(선)참가자미,군산,대,S/P,12,8,"73,300"
2022-06-22,(선)참가자미,군산,대,S/P,46,15,"90,400"
2022-06-22,(선)참가자미,군산,대,S/P,19,20,"60,300"
2022-06-22,(선)참가자미,군산,소,S/P,1,4,"15,000"
2022-06-22,(선)참가자미,군산,특대,S/P,2,8,"72,000"
2022-06-22,(선)참가자미,목포,대,S/P,8,1,"9,000"
2022-06-22,(선)참가자미,목포,대,S/P,1,15,"30,000"
2022-06-23,(선)가자미,군산,대,S/P,18,1,"3,100"
2022-06-23,(선)가자미,방어진,2단,S/P,1,20,"93,000"
2022-06-23,(선)가자미,방어진,4단,S/P,1,20,"86,000"
2022-06-23,(선)가자미,죽변,20미,S/P,10,15,"49,000"
2022-06-23,(선)가자미,죽변,8미,S/P,10,10,"14,000"
2022-06-23,(선)참가자미,군산,대,S/P,120,1,"3,400"
2022-06-23,(선)참가자미,군산,대,S/P,1,8,"60,000"
2022-06-23,(선)참가자미,군산,대,S/P,1,10,"77,000"
2022-06-23,(선)참가자미,군산,대,S/P,41,15,"85,200"
2022-06-24,(선)가자미,완도,중,kg,77,1,"4,000"
2022-06-24,(선)가자미,죽변,20미,S/P,4,15,"51,300"
2022-06-24,(선)참가자미,목포,대,S/P,86,1,"3,800"
2022-06-24,(활)범가자미,포항,중,kg,102,1,"21,300"
2022-06-25,(냉)가자미(H/G),러시아,100/150,CT/(BT),50,4.5,"18,700"
2022-06-25,(활)범가자미,통영,중,kg,320,1,"4,400"
2022-06-27,(선)가자미,안흥,대,S/P,23,1,"4,100"
2022-06-27,(선)가자미,죽변,20미,S/P,2,20,"50,000"
2022-06-27,(선)가자미,죽변,25미,S/P,1,20,"40,000"
2022-06-28,(선)가자미,죽변,12미,S/P,1,10,"18,000"
2022-06-28,(선)가자미,죽변,20미,S/P,9,10,"50,100"
2022-06-28,(선)가자미,죽변,20미,S/P,11,15,"52,200"
2022-06-28,(선)가자미,죽변,25미,S/P,4,15,"35,000"
2022-06-28,(선)가자미,통영,대,S/P,4,1,"5,500"
2022-06-28,(선)범가자미,포항,중,kg,23,1,"3,000"
2022-07-01,(활)범가자미,통영,중,kg,151,1,"8,200"
2022-07-02,(선)가자미,대부도,중,S/P,6,1,"2,000"
2022-07-02,(선)가자미,방어진,3단,S/P,2,20,"220,000"
2022-07-02,(선)가자미,죽변,15미,S/P,2,20,"13,000"
2022-07-02,(선)가자미,죽변,20미,S/P,26,20,"50,800"
2022-07-02,(선)가자미,죽변,21미,S/P,1,20,"50,000"
2022-07-02,(선)가자미,죽변,25미,S/P,3,20,"56,700"
2022-07-04,(선)가자미,감포,18미,c/s(상자),20,20,"51,000"
2022-07-04,(선)가자미,군산,대,S/P,52,1,"3,200"
2022-07-04,(선)가자미,방어진,2단,S/P,3,20,"80,000"
2022-07-04,(선)가자미,방어진,3단,S/P,1,20,"100,000"
2022-07-04,(선)가자미,방어진,대,S/P,8,20,"102,500"
2022-07-04,(선)가자미,죽변,15미,S/P,1,15,"50,000"
2022-07-04,(선)가자미,죽변,20미,S/P,2,15,"55,000"
2022-07-04,(선)가자미,죽변,25미,S/P,2,15,"40,000"
2022-07-04,(선)가자미,죽변,6미,S/P,5,10,"24,600"
2022-07-04,(선)가자미,죽변,8미,S/P,3,10,"26,000"
2022-07-04,(선)참가자미,군산,대,S/P,52,1,"4,800"
2022-07-04,(선)참가자미,군산,대,S/P,9,10,"73,800"
2022-07-04,(선)참가자미,군산,대,S/P,67,15,"89,300"
2022-07-04,(선)참가자미,군산,소,S/P,50,1,"2,300"
2022-07-04,(선)참가자미,군산,소,S/P,3,10,"28,300"
2022-07-04,(선)참가자미,군산,소,S/P,4,15,"55,000"
2022-07-04,(선)참가자미,군산,특대,S/P,4,10,"64,000"
2022-07-05,(냉)가자미(H/G),러시아,150/200,CT/(BT),20,4.5,"18,800"
2022-07-05,(냉)가자미(H/G),러시아,200/300,CT/(BT),50,4.5,"18,500"
2022-07-05,(선)가자미,완도,중,kg,17,1,"4,000"
2022-07-05,(선)가자미,죽변,15미,S/P,3,20,"45,000"
2022-07-05,(선)가자미,죽변,20미,S/P,3,5,"18,000"
2022-07-05,(선)가자미,죽변,20미,S/P,5,20,"35,000"
2022-07-05,(선)가자미,죽변,25미,S/P,9,20,"40,100"
2022-07-05,(선)참가자미,군산,대,S/P,123,1,"4,600"
2022-07-05,(선)참가자미,군산,대,S/P,31,15,"95,200"
2022-07-06,(냉)가자미(H/G),러시아,150/200,CT/(BT),50,4.5,"18,800"
2022-07-06,(선)가자미,감포,10미,S/P,2,10,"55,000"
2022-07-06,(선)가자미,방어진,대,S/P,3,20,"150,000"
2022-07-06,(선)가자미,죽변,20미,S/P,7,15,"61,000"
2022-07-06,(선)가자미,죽변,25미,S/P,1,15,"23,000"
2022-07-06,(선)가자미,죽변,중,S/P,3,15,"60,000"
2022-07-06,(선)가자미,태안,중,kg,30,1,"2,100"
2022-07-06,(선)참가자미,군산,대,S/P,64,1,"6,000"
2022-07-06,(선)참가자미,군산,대,S/P,44,15,"80,900"
2022-07-06,(선)참가자미,군산,소,S/P,3,15,"55,000"
2022-07-06,(선)참가자미,군산,중,S/P,20,1,"3,000"
2022-07-06,(선)참가자미,군산,특대,S/P,10,1,"6,000"
2022-07-06,(선)참가자미,부산(기장),대,S/P,1,7,"50,000"
2022-07-06,(선)참가자미,태안,중,kg,126,1,"6,500"
